{
    "robot_pose": [
        [
            0.7077392114647625,
            -0.6832234536948177,
            -0.17975238767972337,
            0.3252195257517955
        ],
        [
            -0.706458112154415,
            -0.6861268325882702,
            -0.17362864214641655,
            -0.07428361785170812
        ],
        [
            -0.004705775861251094,
            0.24987133073586815,
            -0.9682676147376977,
            0.5881653350583701
        ],
        [
            0.0,
            0.0,
            0.0,
            1.0
        ]
    ],
    "rvec": [
        [
            0.28196876048341707
        ],
        [
            -0.5547477603535631
        ],
        [
            -0.06007069332461946
        ]
    ],
    "tvec": [
        [
            -0.5028491755852028
        ],
        [
            -0.43080072723719737
        ],
        [
            1.2164759270718994
        ]
    ]
}