{
    "robot_pose": [
        [
            0.7067186411426251,
            -0.7074892021090177,
            -0.0027912650656899923,
            0.3070977871039628
        ],
        [
            -0.7074908756152628,
            -0.7067222987477918,
            0.0005033624786138191,
            4.000585424370248e-05
        ],
        [
            -0.002328772782004947,
            0.0016190589185111652,
            -0.9999959777246843,
            0.5891314470189958
        ],
        [
            0.0,
            0.0,
            0.0,
            1.0
        ]
    ],
    "rvec": [
        [
            -0.22521598886633676
        ],
        [
            -0.04766581651565443
        ],
        [
            -0.06510823242095125
        ]
    ],
    "tvec": [
        [
            -0.3986192993436014
        ],
        [
            -0.4034249443083131
        ],
        [
            1.4556434833675511
        ]
    ]
}