{
    "robot_pose": [
        [
            0.8897381994731618,
            -0.4564649808631217,
            -0.0023785802248893536,
            0.3067621984892953
        ],
        [
            -0.4564657926728939,
            -0.8897409348563696,
            0.00022127001366627902,
            0.00014098271186147385
        ],
        [
            -0.0022173222054776894,
            0.0008888681242333525,
            -0.9999971466937762,
            0.46123389788784686
        ],
        [
            0.0,
            0.0,
            0.0,
            1.0
        ]
    ],
    "rvec": [
        [
            -0.034654178008566794
        ],
        [
            0.001435727489585954
        ],
        [
            0.30290276570565666
        ]
    ],
    "tvec": [
        [
            -0.25276357513248593
        ],
        [
            -0.30592960549695053
        ],
        [
            0.99703746963529
        ]
    ]
}