{
    "robot_pose": [
        [
            0.7138365502973859,
            -0.7002576531764811,
            0.008752064173361114,
            0.28135102862503436
        ],
        [
            -0.6880361082127587,
            -0.6989387224743508,
            0.19516909596901658,
            -0.02579553152278785
        ],
        [
            -0.13055149656349643,
            -0.14534057036384992,
            -0.9807305569580985,
            0.5707058541804279
        ],
        [
            0.0,
            0.0,
            0.0,
            1.0
        ]
    ],
    "rvec": [
        [
            -0.27551083202682936
        ],
        [
            -0.014210898457043467
        ],
        [
            0.018251545056731964
        ]
    ],
    "tvec": [
        [
            -0.24997295872408845
        ],
        [
            -0.348594093379422
        ],
        [
            1.1678888976174688
        ]
    ]
}