{
    "robot_pose": [
        [
            0.9609881459957016,
            -0.2765878683428526,
            -0.0009666133150639203,
            0.3166127237492732
        ],
        [
            -0.2765886087645197,
            -0.960988134590934,
            -0.0007393761849496128,
            -0.009116307716979521
        ],
        [
            -0.0007244014436153521,
            0.0009778859811948935,
            -0.9999992594905032,
            0.5633046950997563
        ],
        [
            0.0,
            0.0,
            0.0,
            1.0
        ]
    ],
    "rvec": [
        [
            0.4996499863261557
        ],
        [
            -0.13605924172991404
        ],
        [
            0.5634125990598311
        ]
    ],
    "tvec": [
        [
            -0.34414257927199565
        ],
        [
            -0.3947557132415013
        ],
        [
            1.3479397854490742
        ]
    ]
}