{
    "robot_pose": [
        [
            0.7066738278944246,
            -0.6914476843884261,
            0.1500406635646648,
            0.26368467931364464
        ],
        [
            -0.7075370503762655,
            -0.6900448314309292,
            0.15241211552995107,
            -0.043491117235949034
        ],
        [
            -0.0018502199586620804,
            -0.21386498163407833,
            -0.9768614775477436,
            0.5944503718870744
        ],
        [
            0.0,
            0.0,
            0.0,
            1.0
        ]
    ],
    "rvec": [
        [
            -0.18400271846891322
        ],
        [
            0.03844522794340789
        ],
        [
            -0.01811255107330846
        ]
    ],
    "tvec": [
        [
            -0.34814118274501876
        ],
        [
            -0.35547446119664444
        ],
        [
            1.4302133458184514
        ]
    ]
}