{
    "robot_pose": [
        [
            0.6271549589535745,
            -0.7312928757638658,
            -0.26811823383901956,
            0.40553659960061933
        ],
        [
            -0.6746675070398672,
            -0.6820523347904371,
            0.2821849881753511,
            -0.05036736369578874
        ],
        [
            -0.38923053888993686,
            0.003916945739676381,
            -0.921132045437309,
            0.5898439906664198
        ],
        [
            0.0,
            0.0,
            0.0,
            1.0
        ]
    ],
    "rvec": [
        [
            0.9609242850554588
        ],
        [
            -0.26982006399910036
        ],
        [
            0.03632892083477146
        ]
    ],
    "tvec": [
        [
            -0.20851312126930685
        ],
        [
            -0.33832914390297275
        ],
        [
            1.0434635959075182
        ]
    ]
}