{
    "robot_pose": [
        [
            0.7389640394354017,
            -0.667171537706438,
            0.0938844379849037,
            0.22898306880157313
        ],
        [
            -0.6555373414851293,
            -0.7441555530860485,
            -0.12846519657014593,
            -0.08429986947665785
        ],
        [
            0.15557294861229293,
            0.03338640570088866,
            -0.987260049619376,
            0.6552338712035777
        ],
        [
            0.0,
            0.0,
            0.0,
            1.0
        ]
    ],
    "rvec": [
        [
            0.7899906809826097
        ],
        [
            -0.22771183212552026
        ],
        [
            0.12095127552699446
        ]
    ],
    "tvec": [
        [
            -0.6012234985705113
        ],
        [
            -0.4708544493337598
        ],
        [
            1.5879109981018116
        ]
    ]
}