{
    "robot_pose": [
        [
            0.5785084807681635,
            -0.8053901140687701,
            -0.12913056121462774,
            0.3586263371220854
        ],
        [
            -0.8147527996274254,
            -0.5630348576172057,
            -0.13845441346250065,
            0.0368018091937266
        ],
        [
            0.038804808704380266,
            0.18530653865491703,
            -0.9819142903294311,
            0.5938420605670381
        ],
        [
            0.0,
            0.0,
            0.0,
            1.0
        ]
    ],
    "rvec": [
        [
            0.6669641083528233
        ],
        [
            -0.6018448611762941
        ],
        [
            -0.1427374084333515
        ]
    ],
    "tvec": [
        [
            -0.4375166990038415
        ],
        [
            -0.39826099634687157
        ],
        [
            1.4340330880280567
        ]
    ]
}