{
    "robot_pose": [
        [
            0.7075383224798177,
            -0.7004472580102652,
            -0.09361175657120444,
            0.29930620946712716
        ],
        [
            -0.7066731619647246,
            -0.701601375451846,
            -0.09147979078930771,
            -0.007821417493743463
        ],
        [
            -0.0016013685470971234,
            0.1308783737291166,
            -0.9913971388443672,
            0.5879697409243203
        ],
        [
            0.0,
            0.0,
            0.0,
            1.0
        ]
    ],
    "rvec": [
        [
            0.801021407779921
        ],
        [
            -0.48715595637382375
        ],
        [
            0.05249364936974479
        ]
    ],
    "tvec": [
        [
            -0.4209336485394876
        ],
        [
            -0.4280212684495255
        ],
        [
            1.336167775205388
        ]
    ]
}