{
    "robot_pose": [
        [
            0.7072620649786384,
            -0.6916990083208944,
            0.14605770547986727,
            0.3013820794529317
        ],
        [
            -0.7069484929759337,
            -0.6914010996404176,
            0.14895753655011088,
            -0.005713877493564002
        ],
        [
            -0.0020493221338986067,
            -0.20860728967107736,
            -0.9779973409855872,
            0.6281067089560375
        ],
        [
            0.0,
            0.0,
            0.0,
            1.0
        ]
    ],
    "rvec": [
        [
            -0.2760670276539476
        ],
        [
            -0.13254016159121737
        ],
        [
            -0.04667600907024026
        ]
    ],
    "tvec": [
        [
            -0.3205236513637649
        ],
        [
            -0.3238561245139792
        ],
        [
            1.4659830963470384
        ]
    ]
}