{
    "robot_pose": [
        [
            0.5782860813018221,
            -0.797556498846059,
            -0.17172314730693383,
            0.3385300962828365
        ],
        [
            -0.8149069498573417,
            -0.554656112609906,
            -0.168176276028077,
            0.01992174263559986
        ],
        [
            0.038882788567519366,
            0.23719238582400665,
            -0.9706842436448271,
            0.5414330498814923
        ],
        [
            0.0,
            0.0,
            0.0,
            1.0
        ]
    ],
    "rvec": [
        [
            0.5305840859096792
        ],
        [
            -0.4077972550685859
        ],
        [
            -0.18040748182057853
        ]
    ],
    "tvec": [
        [
            -0.43835597973591106
        ],
        [
            -0.3880912822859674
        ],
        [
            1.2557065531401508
        ]
    ]
}