{
    "robot_pose": [
        [
            -0.03604234919395316,
            -0.9993491960601978,
            -0.00146061576669611,
            0.30678574242211326
        ],
        [
            -0.9993502580422745,
            0.036042462599972624,
            -5.138646828656301e-05,
            1.5299396090868306e-05
        ],
        [
            0.0001039972149146246,
            0.0014578146543145437,
            -0.9999989319799364,
            0.4611361197175057
        ],
        [
            0.0,
            0.0,
            0.0,
            1.0
        ]
    ],
    "rvec": [
        [
            -0.014714597741408654
        ],
        [
            0.0014315321249426347
        ],
        [
            -0.8258053207708406
        ]
    ],
    "tvec": [
        [
            -0.3247768680478481
        ],
        [
            -0.2182110709816691
        ],
        [
            1.0013510871122144
        ]
    ]
}