{
    "robot_pose": [
        [
            0.659219168214118,
            -0.700233934183499,
            -0.2740484002452591,
            0.44613504313228836
        ],
        [
            -0.7093453584439359,
            -0.7000321666312654,
            0.08236581897596157,
            0.0031029697904677014
        ],
        [
            -0.24951803684930438,
            0.14009783402835246,
            -0.9581823136477912,
            0.5638058614705888
        ],
        [
            0.0,
            0.0,
            0.0,
            1.0
        ]
    ],
    "rvec": [
        [
            0.915073229178232
        ],
        [
            -0.3237606916159307
        ],
        [
            0.06636059047709787
        ]
    ],
    "tvec": [
        [
            -0.28634715021865664
        ],
        [
            -0.3331060925265796
        ],
        [
            1.1730953892113571
        ]
    ]
}