{
    "robot_pose": [
        [
            0.707443665843837,
            -0.66322894870528,
            -0.24423517612482173,
            0.404987325805086
        ],
        [
            -0.7067551566831736,
            -0.6660672524985427,
            -0.23843565935234112,
            0.09771131115619738
        ],
        [
            -0.004539621038854191,
            0.3412942670897534,
            -0.9399455383651183,
            0.5885767959941148
        ],
        [
            0.0,
            0.0,
            0.0,
            1.0
        ]
    ],
    "rvec": [
        [
            0.6477273643724023
        ],
        [
            -0.7149939187666398
        ],
        [
            0.010541743605877464
        ]
    ],
    "tvec": [
        [
            -0.4256479882074644
        ],
        [
            -0.44723206938219157
        ],
        [
            1.4527857569308371
        ]
    ]
}