{
    "robot_pose": [
        [
            0.7417034395435143,
            -0.5987441972407646,
            0.30229355606733166,
            0.18788174405646382
        ],
        [
            -0.6585295973326306,
            -0.7356250407363394,
            0.15872797131754263,
            -0.04755272926028137
        ],
        [
            0.12733725773018656,
            -0.3167983360312545,
            -0.9399063980426905,
            0.6567339855739945
        ],
        [
            0.0,
            0.0,
            0.0,
            1.0
        ]
    ],
    "rvec": [
        [
            -0.3046647645556899
        ],
        [
            -0.07283147181747153
        ],
        [
            0.055142859955455405
        ]
    ],
    "tvec": [
        [
            -0.38888940430274244
        ],
        [
            -0.37364630409567523
        ],
        [
            1.649259901601602
        ]
    ]
}