{
    "robot_pose": [
        [
            -0.03617550813571871,
            -0.9482464118708304,
            -0.3154680252976806,
            0.4728843009578151
        ],
        [
            -0.9993453385875471,
            0.03417530782695086,
            0.01187192394996367,
            -0.00588324421354855
        ],
        [
            -0.00047629241344790407,
            0.31569097343609404,
            -0.9488619406618162,
            0.5022622169873544
        ],
        [
            0.0,
            0.0,
            0.0,
            1.0
        ]
    ],
    "rvec": [
        [
            0.8807992046165128
        ],
        [
            -0.354189749702285
        ],
        [
            -0.747758919728481
        ]
    ],
    "tvec": [
        [
            -0.35546244270711186
        ],
        [
            -0.2478775743290873
        ],
        [
            1.154863415605186
        ]
    ]
}