{
    "robot_pose": [
        [
            0.6770984143844891,
            -0.7073343432303582,
            0.203016906007575,
            0.2543719372947868
        ],
        [
            -0.67715610041041,
            -0.7068785344568298,
            -0.20440732178944088,
            -0.052469104222532
        ],
        [
            0.2880926116980051,
            0.0009297370827342916,
            -0.9576021003913788,
            0.5896245188336573
        ],
        [
            0.0,
            0.0,
            0.0,
            1.0
        ]
    ],
    "rvec": [
        [
            -0.22573799410961412
        ],
        [
            -0.19629353446109166
        ],
        [
            -0.06999941986310626
        ]
    ],
    "tvec": [
        [
            -0.565171251755698
        ],
        [
            -0.33265954747559595
        ],
        [
            1.417503709840469
        ]
    ]
}