{
    "robot_pose": [
        [
            0.4597708779262316,
            0.8880349487647459,
            -0.0021609218720730432,
            0.3142619569725054
        ],
        [
            0.8880355619219569,
            -0.45977365799529013,
            -0.0010120156046111485,
            -0.016714096436693693
        ],
        [
            -0.0018922401793550383,
            -0.0014536801659287182,
            -0.9999971531164868,
            0.5627351872818428
        ],
        [
            0.0,
            0.0,
            0.0,
            1.0
        ]
    ],
    "rvec": [
        [
            -0.25632790875128403
        ],
        [
            0.0908099863511196
        ],
        [
            -1.2603428516724675
        ]
    ],
    "tvec": [
        [
            -0.3778243966451711
        ],
        [
            -0.21816035889557892
        ],
        [
            1.3411507147988728
        ]
    ]
}