{
    "robot_pose": [
        [
            0.7073879813611703,
            -0.69493607908834,
            -0.12909721068672614,
            0.3215552695296658
        ],
        [
            -0.706821299648306,
            -0.6961123689871977,
            -0.12582217652906427,
            0.014254594371628562
        ],
        [
            -0.0024277951413074345,
            0.18025375370392657,
            -0.9836171460921144,
            0.6340593871563813
        ],
        [
            0.0,
            0.0,
            0.0,
            1.0
        ]
    ],
    "rvec": [
        [
            0.6666226333699868
        ],
        [
            -0.6107174633207392
        ],
        [
            0.018261119004973413
        ]
    ],
    "tvec": [
        [
            -0.4703416272564699
        ],
        [
            -0.4838975548008085
        ],
        [
            1.5260495367979616
        ]
    ]
}