{
    "robot_pose": [
        [
            0.835258081725978,
            0.5498535860086052,
            -0.002229543656587433,
            0.36270252518651996
        ],
        [
            0.5498530535116782,
            -0.8352609228464767,
            -0.000900171947809882,
            -0.01615965167350631
        ],
        [
            -0.0023572134656553415,
            -0.0004740454931609734,
            -0.9999971094085962,
            0.5627545998267447
        ],
        [
            0.0,
            0.0,
            0.0,
            1.0
        ]
    ],
    "rvec": [
        [
            0.3829690012647168
        ],
        [
            0.09656942134694553
        ],
        [
            1.4090332340997258
        ]
    ],
    "tvec": [
        [
            -0.3377396845643429
        ],
        [
            -0.4137820901332239
        ],
        [
            1.4958621907047467
        ]
    ]
}