{
    "robot_pose": [
        [
            0.5590849417024711,
            -0.8291066511422802,
            -0.0024877687146696082,
            0.3522236499153634
        ],
        [
            -0.8291091469626042,
            -0.559086773205242,
            4.949638932121329e-05,
            -0.1581908858342137
        ],
        [
            -0.00143191636875933,
            0.00203495911092184,
            -0.9999969042736728,
            0.5891858859543748
        ],
        [
            0.0,
            0.0,
            0.0,
            1.0
        ]
    ],
    "rvec": [
        [
            -0.12304578679061805
        ],
        [
            -0.0096129788514315
        ],
        [
            -0.20856896616418757
        ]
    ],
    "tvec": [
        [
            -0.5788702565488042
        ],
        [
            -0.3223051478749611
        ],
        [
            1.4849770797345563
        ]
    ]
}