{
    "robot_pose": [
        [
            -0.2236866518791933,
            0.9746596935075843,
            -0.0016624147433148876,
            0.3887498233786692
        ],
        [
            0.9746594536570913,
            0.2236828004263785,
            -0.0022258010408547357,
            0.025877712873601855
        ],
        [
            -0.001797544975033565,
            -0.002118170228048801,
            -0.9999961410860285,
            0.5307507483210219
        ],
        [
            0.0,
            0.0,
            0.0,
            1.0
        ]
    ],
    "rvec": [
        [
            -0.003994283549443717
        ],
        [
            -0.038002680366144403
        ],
        [
            -0.6170917589685556
        ]
    ],
    "tvec": [
        [
            -0.4769032690833276
        ],
        [
            -0.30598503476218275
        ],
        [
            1.3092385885478794
        ]
    ]
}