{
    "camera_matrix": [
        [
            3164.15557295758,
            0.0,
            130.4180441857031
        ],
        [
            0.0,
            1255.081255725516,
            86.58243052153723
        ],
        [
            0.0,
            0.0,
            1.0
        ]
    ],
    "dist_coeff": [
        [
            107.15859662182457,
            -26423.65755542777,
            -0.6392451736047376,
            -0.7646054634096814,
            -156.5340806438754
        ]
    ]
}